kind,reviews,count
item,5,5751
item,6,4545
item,7,3546
item,8,2915
item,9,2520
item,10,2155
item,11,1866
item,12,1625
item,13,1363
item,14,1221
item,15,1109
item,16,1052
item,17,922
item,18,900
item,19,764
item,20,774
item,21,683
item,22,581
item,23,605
item,24,567
item,25,529
item,26,483
item,27,471
item,28,421
item,29,395
item,30,381
item,31,363
item,32,338
item,33,325
item,34,285
item,35,291
item,36,254
item,37,255
item,38,236
item,39,259
item,40,237
item,41,232
item,42,202
item,43,178
item,44,195
item,45,176
item,46,185
item,47,192
item,48,155
item,49,170
item,50,128
item,51,138
item,52,94
item,53,142
item,54,130
item,55,112
item,56,109
item,57,114
item,58,124
item,59,96
item,60,111
item,61,89
item,62,92
item,63,79
item,64,94
item,65,88
item,66,94
item,67,94
item,68,85
item,69,99
item,70,65
item,71,86
item,72,66
item,73,81
item,74,73
item,75,70
item,76,75
item,77,57
item,78,72
item,79,64
item,80,53
item,81,64
item,82,58
item,83,60
item,84,52
item,85,50
item,86,61
item,87,54
item,88,48
item,89,54
item,90,44
item,91,46
item,92,35
item,93,45
item,94,51
item,95,47
item,96,42
item,97,47
item,98,41
item,99,50
item,100,44
item,101,49
item,102,29
item,103,38
item,104,49
item,105,35
item,106,40
item,107,46
item,108,29
item,109,38
item,110,35
item,111,38
item,112,40
item,113,25
item,114,28
item,115,39
item,116,28
item,117,33
item,118,36
item,119,22
item,120,30
item,121,35
item,122,32
item,123,23
item,124,24
item,125,30
item,126,27
item,127,28
item,128,20
item,129,35
item,130,17
item,131,25
item,132,27
item,133,12
item,134,24
item,135,22
item,136,28
item,137,23
item,138,22
item,139,21
item,140,26
item,141,20
item,142,18
item,143,20
item,144,19
item,145,22
item,146,23
item,147,16
item,148,18
item,149,12
item,150,23
item,151,16
item,152,22
item,153,21
item,154,14
item,155,15
item,156,22
item,157,17
item,158,15
item,159,19
item,160,13
item,161,13
item,162,13
item,163,25
item,164,19
item,165,19
item,166,17
item,167,13
item,168,14
item,169,17
item,170,18
item,171,10
item,172,21
item,173,13
item,174,13
item,175,16
item,176,25
item,177,12
item,178,15
item,179,12
item,180,11
item,181,19
item,182,14
item,183,13
item,184,13
item,185,11
item,186,10
item,187,15
item,188,11
item,189,21
item,190,15
item,191,18
item,192,6
item,193,16
item,194,8
item,195,13
item,196,8
item,197,13
item,198,8
item,199,10
item,200,9
item,201,7
item,202,13
item,203,13
item,204,7
item,205,5
item,206,11
item,207,7
item,208,12
item,209,4
item,210,5
item,211,11
item,212,16
item,213,9
item,214,10
item,215,6
item,216,6
item,217,10
item,218,10
item,219,7
item,220,8
item,221,8
item,222,12
item,223,9
item,224,9
item,225,13
item,226,6
item,227,8
item,228,5
item,229,8
item,230,7
item,231,13
item,232,5
item,233,5
item,234,8
item,235,2
item,236,10
item,237,7
item,238,7
item,239,7
item,240,7
item,241,9
item,242,5
item,243,9
item,244,13
item,245,2
item,246,11
item,247,7
item,248,7
item,249,12
item,250,8
item,251,14
item,252,12
item,253,6
item,254,10
item,255,7
item,256,3
item,257,10
item,258,6
item,259,4
item,260,8
item,261,6
item,262,6
item,263,5
item,264,7
item,265,4
item,266,9
item,267,6
item,268,12
item,269,8
item,270,5
item,271,5
item,272,7
item,273,5
item,274,5
item,275,4
item,276,6
item,277,5
item,278,10
item,279,4
item,280,4
item,281,5
item,283,4
item,284,5
item,285,5
item,286,2
item,287,6
item,288,8
item,289,8
item,290,9
item,291,2
item,292,7
item,293,4
item,294,3
item,295,3
item,296,5
item,297,6
item,298,5
item,299,2
item,300,2
item,301,2
item,302,3
item,303,5
item,304,4
item,305,3
item,306,9
item,307,7
item,308,4
item,309,7
item,310,4
item,312,4
item,313,5
item,314,4
item,315,3
item,316,1
item,318,5
item,319,5
item,320,10
item,321,4
item,322,1
item,323,6
item,324,5
item,325,8
item,326,2
item,327,3
item,328,5
item,329,3
item,330,4
item,331,2
item,332,3
item,333,2
item,334,2
item,335,3
item,336,1
item,337,4
item,338,3
item,339,4
item,340,7
item,342,1
item,343,5
item,345,4
item,346,2
item,348,1
item,349,3
item,350,7
item,351,3
item,352,2
item,353,1
item,354,3
item,355,6
item,356,1
item,357,4
item,358,1
item,359,3
item,360,2
item,361,3
item,362,3
item,364,2
item,365,6
item,367,2
item,368,6
item,369,3
item,370,2
item,371,2
item,372,1
item,373,2
item,374,5
item,375,1
item,376,4
item,377,2
item,378,3
item,379,2
item,380,4
item,381,3
item,382,6
item,383,1
item,384,1
item,385,2
item,386,2
item,388,3
item,389,1
item,391,2
item,392,3
item,393,1
item,394,2
item,395,2
item,396,3
item,397,3
item,398,1
item,399,2
item,400,2
item,401,2
item,402,5
item,403,4
item,404,3
item,405,3
item,407,2
item,408,1
item,409,3
item,410,1
item,411,2
item,412,2
item,413,3
item,414,3
item,415,4
item,416,1
item,417,2
item,418,1
item,419,2
item,421,2
item,422,1
item,424,1
item,425,1
item,427,1
item,428,1
item,429,1
item,430,5
item,431,1
item,433,1
item,434,5
item,436,2
item,437,2
item,438,2
item,439,2
item,440,1
item,441,3
item,443,2
item,444,2
item,445,3
item,447,3
item,448,2
item,450,1
item,452,1
item,455,1
item,456,1
item,457,2
item,458,1
item,460,2
item,461,2
item,462,1
item,463,1
item,464,1
item,465,1
item,466,2
item,467,2
item,469,2
item,471,1
item,472,2
item,473,1
item,474,4
item,476,2
item,477,2
item,481,2
item,483,1
item,485,1
item,487,1
item,488,1
item,491,2
item,493,3
item,494,1
item,495,1
item,498,1
item,499,3
item,500,1
item,501,2
item,503,1
item,505,1
item,506,1
item,509,1
item,510,1
item,511,2
item,512,2
item,513,3
item,514,1
item,515,1
item,516,1
item,517,1
item,518,1
item,519,2
item,521,1
item,523,1
item,527,1
item,528,1
item,529,2
item,531,1
item,532,2
item,534,3
item,535,2
item,536,2
item,538,1
item,539,2
item,540,1
item,541,1
item,542,1
item,543,2
item,546,1
item,550,1
item,551,1
item,553,1
item,559,1
item,560,1
item,561,1
item,563,1
item,565,1
item,568,2
item,569,2
item,571,2
item,575,1
item,576,1
item,578,1
item,582,1
item,583,1
item,587,3
item,588,2
item,590,1
item,591,1
item,592,2
item,593,1
item,594,2
item,596,1
item,602,2
item,604,1
item,608,1
item,609,1
item,610,1
item,611,1
item,612,1
item,613,1
item,614,1
item,616,1
item,617,2
item,619,1
item,620,1
item,621,1
item,623,1
item,624,1
item,629,1
item,634,1
item,635,1
item,636,1
item,637,1
item,638,1
item,639,1
item,641,1
item,642,2
item,645,2
item,646,1
item,647,1
item,649,2
item,652,1
item,655,1
item,656,1
item,658,1
item,665,1
item,668,1
item,669,1
item,670,3
item,672,1
item,675,2
item,679,1
item,685,1
item,689,1
item,695,1
item,697,1
item,702,1
item,703,1
item,708,1
item,710,1
item,715,1
item,719,1
item,720,1
item,724,1
item,729,2
item,738,1
item,742,1
item,745,1
item,747,3
item,748,1
item,750,1
item,751,1
item,753,1
item,756,1
item,763,1
item,764,1
item,773,1
item,775,1
item,783,1
item,785,1
item,792,1
item,796,1
item,801,1
item,802,1
item,803,1
item,804,1
item,815,1
item,816,1
item,822,1
item,827,1
item,830,1
item,831,1
item,836,1
item,838,2
item,841,1
item,843,1
item,850,1
item,852,1
item,854,1
item,882,1
item,890,1
item,895,1
item,899,1
item,904,2
item,911,1
item,923,1
item,929,1
item,930,1
item,933,1
item,940,1
item,942,1
item,949,1
item,953,1
item,959,1
item,963,1
item,980,1
item,993,1
item,995,1
item,1005,1
item,1015,1
item,1022,1
item,1029,1
item,1052,1
item,1085,1
item,1093,1
item,1111,1
item,1123,1
item,1133,1
item,1160,1
item,1169,1
item,1199,1
item,1233,1
item,1254,1
item,1281,1
item,1285,1
item,1369,1
item,1461,1
item,1494,1
item,1517,1
item,1548,1
item,1584,1
item,1637,1
item,1746,1
item,1974,1
item,2110,1
item,2213,1
user,5,31759
user,6,20229
user,7,13839
user,8,9825
user,9,7466
user,10,5734
user,11,4369
user,12,3695
user,13,2853
user,14,2435
user,15,2048
user,16,1699
user,17,1461
user,18,1247
user,19,1125
user,20,955
user,21,890
user,22,837
user,23,729
user,24,616
user,25,571
user,26,493
user,27,501
user,28,393
user,29,401
user,30,364
user,31,318
user,32,301
user,33,254
user,34,288
user,35,272
user,36,210
user,37,201
user,38,196
user,39,188
user,40,163
user,41,172
user,42,164
user,43,176
user,44,122
user,45,138
user,46,135
user,47,112
user,48,126
user,49,112
user,50,94
user,51,99
user,52,83
user,53,108
user,54,86
user,55,72
user,56,83
user,57,72
user,58,86
user,59,75
user,60,55
user,61,72
user,62,60
user,63,63
user,64,63
user,65,51
user,66,59
user,67,45
user,68,48
user,69,47
user,70,41
user,71,44
user,72,43
user,73,45
user,74,46
user,75,39
user,76,47
user,77,39
user,78,37
user,79,32
user,80,26
user,81,24
user,82,40
user,83,30
user,84,34
user,85,21
user,86,35
user,87,29
user,88,23
user,89,29
user,90,17
user,91,21
user,92,17
user,93,25
user,94,26
user,95,17
user,96,18
user,97,22
user,98,27
user,99,20
user,100,22
user,101,24
user,102,22
user,103,19
user,104,15
user,105,15
user,106,13
user,107,15
user,108,26
user,109,9
user,110,15
user,111,26
user,112,14
user,113,17
user,114,9
user,115,15
user,116,11
user,117,12
user,118,10
user,119,9
user,120,11
user,121,10
user,122,20
user,123,19
user,124,10
user,125,12
user,126,14
user,127,9
user,128,14
user,129,13
user,130,4
user,131,9
user,132,6
user,133,6
user,134,9
user,135,7
user,136,15
user,137,8
user,138,5
user,139,11
user,140,6
user,141,9
user,142,10
user,143,7
user,144,9
user,145,12
user,146,6
user,147,2
user,148,4
user,149,8
user,150,10
user,151,4
user,152,10
user,153,11
user,154,4
user,155,8
user,156,10
user,157,9
user,158,11
user,159,5
user,160,5
user,161,5
user,162,4
user,163,10
user,164,6
user,165,3
user,166,5
user,167,3
user,168,7
user,169,8
user,170,6
user,171,11
user,172,8
user,173,3
user,174,5
user,175,5
user,176,9
user,177,2
user,178,6
user,179,5
user,180,5
user,181,7
user,182,7
user,183,4
user,184,5
user,185,6
user,186,5
user,187,5
user,188,6
user,189,4
user,190,3
user,191,5
user,192,3
user,193,4
user,194,3
user,195,3
user,196,7
user,197,6
user,198,4
user,200,4
user,201,2
user,202,3
user,203,4
user,204,4
user,205,6
user,206,5
user,207,4
user,208,1
user,209,8
user,210,6
user,211,3
user,212,2
user,213,3
user,214,2
user,215,3
user,216,3
user,218,1
user,219,1
user,220,4
user,221,5
user,222,3
user,223,4
user,226,5
user,228,2
user,229,5
user,230,1
user,232,1
user,233,5
user,234,7
user,236,2
user,237,2
user,238,3
user,239,4
user,240,4
user,241,4
user,242,3
user,244,3
user,245,3
user,246,2
user,247,2
user,248,1
user,250,1
user,251,4
user,252,3
user,253,4
user,254,2
user,255,5
user,256,2
user,257,4
user,258,3
user,259,4
user,260,2
user,262,2
user,263,1
user,264,1
user,265,1
user,266,7
user,267,1
user,268,1
user,269,3
user,270,1
user,271,1
user,272,1
user,273,2
user,274,2
user,276,2
user,278,2
user,279,3
user,280,1
user,281,1
user,282,2
user,283,2
user,285,3
user,287,1
user,288,1
user,289,2
user,290,2
user,291,2
user,292,2
user,294,2
user,295,1
user,296,1
user,297,2
user,298,2
user,299,1
user,300,2
user,301,3
user,302,2
user,303,2
user,304,1
user,305,1
user,307,4
user,308,1
user,309,1
user,310,1
user,313,2
user,316,3
user,317,3
user,318,1
user,319,1
user,321,2
user,322,1
user,323,3
user,325,1
user,327,1
user,328,2
user,329,3
user,330,4
user,331,2
user,332,2
user,333,1
user,336,3
user,337,2
user,339,2
user,340,4
user,341,4
user,343,1
user,344,1
user,346,2
user,349,1
user,350,3
user,351,2
user,352,1
user,354,1
user,355,1
user,356,1
user,357,1
user,359,2
user,360,2
user,361,1
user,362,3
user,363,2
user,365,1
user,366,2
user,367,1
user,372,1
user,373,2
user,375,1
user,378,2
user,379,3
user,381,2
user,383,1
user,384,1
user,386,1
user,388,1
user,389,3
user,390,1
user,391,2
user,392,2
user,397,1
user,398,1
user,403,1
user,405,1
user,410,1
user,411,1
user,413,1
user,414,1
user,415,1
user,416,2
user,418,1
user,419,1
user,420,1
user,423,1
user,425,2
user,427,2
user,429,1
user,431,1
user,434,1
user,435,1
user,438,2
user,439,1
user,441,1
user,443,1
user,444,1
user,445,2
user,446,1
user,447,1
user,448,2
user,451,1
user,453,1
user,456,2
user,457,1
user,459,1
user,461,1
user,462,1
user,464,1
user,465,2
user,469,1
user,470,1
user,472,1
user,473,1
user,474,1
user,479,1
user,480,1
user,481,1
user,482,1
user,484,2
user,486,1
user,489,1
user,490,1
user,501,2
user,510,1
user,511,1
user,513,1
user,514,1
user,516,1
user,518,1
user,519,1
user,520,2
user,521,1
user,528,1
user,529,2
user,534,1
user,537,1
user,538,1
user,545,2
user,547,2
user,548,1
user,553,1
user,554,1
user,556,1
user,557,1
user,562,1
user,563,1
user,564,1
user,568,2
user,579,2
user,588,1
user,592,1
user,595,1
user,597,1
user,603,1
user,607,1
user,612,1
user,616,1
user,623,2
user,625,1
user,635,1
user,636,1
user,641,1
user,642,1
user,646,1
user,647,1
user,652,1
user,657,1
user,663,1
user,665,1
user,670,1
user,674,1
user,675,1
user,681,1
user,699,2
user,707,1
user,710,1
user,719,3
user,728,1
user,732,1
user,733,1
user,739,2
user,745,1
user,768,1
user,770,2
user,775,1
user,784,1
user,785,2
user,790,1
user,791,1
user,802,1
user,806,1
user,814,1
user,824,1
user,827,2
user,833,1
user,843,1
user,849,1
user,865,1
user,872,1
user,874,1
user,875,1
user,877,1
user,878,2
user,884,1
user,885,1
user,892,1
user,914,1
user,934,1
user,954,1
user,978,1
user,994,1
user,997,1
user,1031,1
user,1060,1
user,1061,1
user,1064,1
user,1070,1
user,1073,1
user,1106,1
user,1119,1
user,1125,1
user,1127,2
user,1143,1
user,1191,1
user,1199,1
user,1203,1
user,1237,1
user,1267,1
user,1299,1
user,1304,1
user,1416,1
user,1423,1
user,1440,1
user,1493,1
user,1571,1
user,1755,1
user,1907,1
user,1970,1
user,1973,1
user,2184,1
user,2267,1
user,2301,1
user,2322,1
user,2333,1
user,2368,1
